rep,config,threads,tempo_s
1,seq,0,34,067388
1,omp,1,32,498963
1,omp,2,17,718257
1,omp,4,10,680268
1,omp,8,6,896732
1,omp,16,5,472928
1,omp,32,5,147507
2,seq,0,47,712360
2,omp,1,32,570119
2,omp,2,17,780598
2,omp,4,10,466134
2,omp,8,6,801396
2,omp,16,5,424089
2,omp,32,5,277979
3,seq,0,44,865594
3,omp,1,53,652163
3,omp,2,28,655252
3,omp,4,15,608168
3,omp,8,8,476276
3,omp,16,6,160627
3,omp,32,5,835878
4,seq,0,51,217953
4,omp,1,44,457956
4,omp,2,17,527999
4,omp,4,10,520960
4,omp,8,6,721777
4,omp,16,5,584912
4,omp,32,5,209414
5,seq,0,32,771103
5,omp,1,32,506654
5,omp,2,17,663476
5,omp,4,10,501503
5,omp,8,6,684253
5,omp,16,5,406114
5,omp,32,5,587735
6,seq,0,32,413735
6,omp,1,32,329334
6,omp,2,17,661851
6,omp,4,10,611405
6,omp,8,6,694327
6,omp,16,5,561729
6,omp,32,5,224158
7,seq,0,32,404890
7,omp,1,33,377242
7,omp,2,18,247278
7,omp,4,11,248633
7,omp,8,7,309831
7,omp,16,5,678085
7,omp,32,5,235978
8,seq,0,34,045789
8,omp,1,33,273356
8,omp,2,17,691741
8,omp,4,10,431297
8,omp,8,7,093389
8,omp,16,5,277872
8,omp,32,5,153784
9,seq,0,32,741186
9,omp,1,35,588113
9,omp,2,18,741983
9,omp,4,10,854290
9,omp,8,7,437827
9,omp,16,5,388394
9,omp,32,5,211947
10,seq,0,33,260226
10,omp,1,33,263384
10,omp,2,17,908452
10,omp,4,10,560021
10,omp,8,6,776669
10,omp,16,5,483702
10,omp,32,5,286923
